{
  "environment" : "unittest",
  "summary" : "Yay",
  "title" : "Skypro.Lesson11.Part2",
  "authors" : [
    "Sky.pro"
  ],
  "programming_language" : "Python",
  "language" : "en",
  "course_type" : "PyCharm",
  "plugins" : [
    {
      "id" : "Pythonid",
      "plugin_name" : "Pythonid"
    }
  ],
  "items" : [
    {
      "title" : "lesson1",
      "task_list" : [
        {
          "name" : "almost_ready",
          "files" : {
            "__init__.py" : {
              "name" : "__init__.py",
              "placeholders" : [ ],
              "is_visible" : false,
              "text" : ""
            },
            "templates/books.html" : {
              "name" : "templates/books.html",
              "placeholders" : [ ],
              "is_visible" : true,
              "text" : "<!DOCTYPE html>\n<html lang=\"en\">\n<head>\n    <meta charset=\"UTF-8\">\n    <title>Title</title>\n</head>\n<body>\n{% for book in books %}\n<ul>\n    <li>Title: {{ book.title }}</li>\n    <li>Year: {{ book.year }}</li>\n    <li>Author: {{ book.author }}</li>\n</ul>\n{% endfor %}\n</body>\n</html>"
            },
            "books.json" : {
              "name" : "books.json",
              "placeholders" : [ ],
              "is_visible" : true,
              "text" : "[\n  {\n    \"title\":\"Harry Potter\",\n    \"year\": 1996,\n    \"author\": \"Джоан Роалинг\"\n  },\n  {\n    \"title\":\"Король Артур\",\n    \"year\": 1485,\n    \"author\": \"Томас Мэлори\"\n  }\n]\n"
            },
            "tests/test_task.py" : {
              "name" : "tests/test_task.py",
              "placeholders" : [ ],
              "is_visible" : false,
              "text" : "import re\nfrom lesson1.utils import SkyproTestCase\nfrom task import app\n\nclass TestCase(SkyproTestCase):\n\n    def get_key(self):\n        return \"143401\"  # это код, который отправится на платформу.\n\n    def test_jinja2(self):\n        with app.app_context():\n            address = \"/books\"\n            app.testing = True\n            response = app.test_client().get(address)\n\n        self.assertEqual(response.status_code, 200, msg=\"Запрос не обрабатывается\")\n        etalon = '<!doctypehtml><htmllang=\"en\"><head><metacharset=\"utf-8\"><title>title</title></head><body><ul><li>title:harrypotter</li><li>year:1996</li><li>author:джоанроалинг</li></ul><ul><li>title:корольартур</li><li>year:1485</li><li>author:томасмэлори</li></ul></body></html>'\n        user_result: str = response.data.decode('utf-8').replace(\"\\n\", \" \").replace(\"\\r\", \"\").lower()\n        user_result = re.sub(r'\\s+', '', user_result)\n        self.assertEqual(user_result, etalon, msg=\"Проверьте что вы скопировали верстку и никак ее не изменяли, \"\n                                                  \"ничего не добавили и не изменили (кроме вставки шаблонов Jinja2)\")\n"
            },
            "tests/__init__.py" : {
              "name" : "tests/__init__.py",
              "placeholders" : [ ],
              "is_visible" : false,
              "text" : ""
            },
            "task.py" : {
              "name" : "task.py",
              "placeholders" : [ ],
              "is_visible" : true,
              "text" : "import json\n\nfrom flask import Flask, render_template\n\napp = Flask(__name__)\n\nusers = [\n    {\n        \"id\": 1,\n        \"name\": \"Ivan\",\n        \"age\": 34,\n        \"is_blocked\": False\n    },\n    {\n        \"id\": 2,\n        \"name\": \"Peter\",\n        \"age\": 23,\n        \"is_blocked\": True\n    }\n]\n\n\n@app.route('/books')\ndef books():\n    with open('books.json') as f:\n        data = json.load(f)\n        return ???\n\n\nif __name__ == '__main__':\n    app.run()\n"
            }
          },
          "description_text" : "",
          "description_format" : "HTML",
          "feedback_link" : {
            "link_type" : "STEPIK"
          },
          "task_type" : "edu"
        },
        {
          "name" : "list_output",
          "files" : {
            "task.py" : {
              "name" : "task.py",
              "placeholders" : [ ],
              "is_visible" : true,
              "text" : "import json\n\nfrom flask import Flask, render_template\n\napp = Flask(__name__)\n\n\n@app.route('/phones')\ndef phones():\n    phones = [\n        {\n            \"name\": \"Ivan\",\n            \"mail\": \"ivan@mail.ru\",\n            \"phone\": \"89991234567\"\n        },\n        {\n            \"name\": \"Maxim\",\n            \"mail\": \"maxim@mail.ru\",\n            \"phone\": \"89991234567\"\n        },\n        {\n            \"name\": \"Peter\",\n            \"mail\": \"maxim@mail.ru\",\n            \"phone\": \"89991234567\"\n        }\n    ]\n\n    return render_template(\"/phones.html\", phones=phones)\n\n\nif __name__ == '__main__':\n    app.run()\n"
            },
            "tests/test_task.py" : {
              "name" : "tests/test_task.py",
              "placeholders" : [ ],
              "is_visible" : false,
              "text" : "import re\nfrom lesson1.utils import SkyproTestCase\nfrom task import app\n\nclass TestCase(SkyproTestCase):\n\n    def get_key(self):\n        return \"156920\"  # это код, который отправится на платформу.\n\n    def test_jinja2(self):\n        with app.app_context():\n            address = \"/phones\"\n            app.testing = True\n            response = app.test_client().get(address)\n\n        self.assertEqual(response.status_code, 200, msg=\"Запрос не обрабатывается\")\n        etalon = '<!doctypehtml><htmllang=\"en\"><head><metacharset=\"utf-8\"><title>title</title></head><body><ul><li>ivan</li><li>ivan@mail.ru</li><li>89991234567</li></ul><ul><li>maxim</li><li>maxim@mail.ru</li><li>89991234567</li></ul><ul><li>peter</li><li>maxim@mail.ru</li><li>89991234567</li></ul></body></html>'\n        user_result = response.data.decode('utf-8').replace(\"\\n\", \" \").replace(\"\\r\", \"\").lower()\n        user_result = re.sub(r'\\s+', '', user_result)\n        self.assertEqual(user_result, etalon, msg=\"Проверьте что вы скопировали верстку и никак ее не изменяли, \"\n                                                  \"ничего не добавили и не изменили (кроме вставки шаблонов Jinja2)\")\n"
            },
            "__init__.py" : {
              "name" : "__init__.py",
              "placeholders" : [ ],
              "is_visible" : false,
              "text" : ""
            },
            "tests/__init__.py" : {
              "name" : "tests/__init__.py",
              "placeholders" : [ ],
              "is_visible" : false,
              "text" : ""
            },
            "templates/phones.html" : {
              "name" : "templates/phones.html",
              "placeholders" : [ ],
              "is_visible" : true,
              "text" : "<!DOCTYPE html>\n<html lang=\"en\">\n<head>\n    <meta charset=\"UTF-8\">\n    <title>Title</title>\n</head>\n<body>\n</body>\n</html>\n"
            }
          },
          "description_text" : "",
          "description_format" : "HTML",
          "feedback_link" : {
            "link_type" : "STEPIK"
          },
          "task_type" : "edu"
        },
        {
          "name" : "big_template",
          "files" : {
            "task.py" : {
              "name" : "task.py",
              "placeholders" : [ ],
              "is_visible" : true,
              "text" : "import json\n\nfrom flask import Flask, render_template\n\napp = Flask(__name__)\n\n\n@app.route('/prizes')\ndef phones():\n    prices = [1300, 400, 100]\n    user = {\n        \"blocked\": False\n    }\n    prize_name = \"Flight Ticket\"\n\n    return render_template(\"/prizes.html\", prices=prices, user=user, prize_name=prize_name)\n\n\nif __name__ == '__main__':\n    app.run()\n"
            },
            "tests/test_task.py" : {
              "name" : "tests/test_task.py",
              "placeholders" : [ ],
              "is_visible" : false,
              "text" : "import re\nfrom lesson1.utils import SkyproTestCase\nfrom task import app\n\n\nclass TestCase(SkyproTestCase):\n\n    def get_key(self):\n        return \"145600\"  # это код, который отправится на платформу.\n\n    def test_jinja2(self):\n        with app.app_context():\n            address = \"/prizes\"\n            app.testing = True\n            response = app.test_client().get(address)\n\n        self.assertEqual(response.status_code, 200, msg=\"Запрос не обрабатывается\")\n        etalon = '<!doctypehtml><htmllang=\"en\"><head><metacharset=\"utf-8\"><title>title</title></head><body>chooseyourprize:<divclass=\"card\"><divclass=\"prize\"><divclass=\"expensive_price\">flightticket</div></div></div><divclass=\"card\"><divclass=\"prize\"><divclass=\"normal_price\">flightticket</div></div></div><divclass=\"card\"><divclass=\"prize\"><divclass=\"normal_price\">flightticket</div></div></div></body></html>'\n        user_result = response.data.decode('utf-8').replace(\"\\n\", \" \").replace(\"\\r\", \"\").lower()\n        user_result = re.sub(r'\\s+', '', user_result)\n        self.assertEqual(user_result, etalon, msg=\"Проверьте что вы скопировали верстку и никак ее не изменяли, \"\n                                                  \"ничего не добавили и не изменили (кроме вставки шаблонов Jinja2)\")\n"
            },
            "__init__.py" : {
              "name" : "__init__.py",
              "placeholders" : [ ],
              "is_visible" : false,
              "text" : ""
            },
            "tests/__init__.py" : {
              "name" : "tests/__init__.py",
              "placeholders" : [ ],
              "is_visible" : false,
              "text" : ""
            },
            "templates/prizes.html" : {
              "name" : "templates/prizes.html",
              "placeholders" : [ ],
              "is_visible" : true,
              "text" : "<!DOCTYPE html>\n<html lang=\"en\">\n<head>\n    <meta charset=\"UTF-8\">\n    <title>Title</title>\n</head>\n<body>\n{% if user.blocked %}\nYou have been blocked at __ user.blocked_at }} for {{ user.unblock_period }}.\n{% else %}\nChoose your prize:\n{% for p in prices __\n<div class=\"card\">\n    <div class=\"prize\">\n        <div class=\"\n      {% __ p > 1000 %}\n        expensive_price\n      {% elif p < 500 %}\n        normal_price\n      {% __ %}\n        default_price\n      {% endif %}\">\n            {{ prize_name }}\n        </div>\n    </div>\n</div>\n__ endfor %}\n{% __ %}\n</body>\n</html>\n"
            }
          },
          "description_text" : "",
          "description_format" : "HTML",
          "feedback_link" : {
            "link_type" : "STEPIK"
          },
          "task_type" : "edu"
        }
      ],
      "type" : "lesson"
    }
  ],
  "additional_files" : [
    {
      "name" : "lesson1/utils.py",
      "placeholders" : [ ],
      "is_visible" : true,
      "text" : "import unittest\n\nclass StatMixin:\n    def send_stat(self, result):\n        if result.wasSuccessful():\n            print(\"Задание выполнено! Ваш код:\",  self.get_key())\n\nclass SkyproTestCase(StatMixin, unittest.TestCase):\n    def run(self, *args, **kwargs):\n        result = super().run(*args, **kwargs)\n        self.send_stat(result)\n        return result\n"
    }
  ],
  "version" : 11
}